Time [ms], Yaw [rad], Pitch [rad], Roll [rad], Yaw velocity [rad/s], Pitch velocity [rad/s], Roll velocity [rad/s]
0.06581, 2.61531, -0.00970035, 0.0411575, 0.00883535, -0.00366742, -0.00161723
20.1661, 2.61557, -0.00991394, 0.0408297, 0.00821909, -0.00928719, -0.00834858
40.3032, 2.61589, -0.00999486, 0.040721, 0.0131658, -0.00542002, -0.00729923
60.4558, 2.61395, -0.00892795, 0.0406803, -0.046356, 0.0284727, -0.00578197
80.6255, 2.61013, -0.0100734, 0.0410576, -0.112477, -0.0271193, 0.0116077
100.797, 2.59567, -0.00957916, 0.0390367, -0.409523, -0.00189967, -0.0432057
120.986, 2.58285, -0.00848194, 0.0392103, -0.499392, 0.0216238, -0.0305319
141.232, 2.57412, -0.0103852, 0.0392601, -0.468819, -0.0352019, -0.0144631
161.45, 2.56808, -0.0105603, 0.0397621, -0.506998, -0.0301877, 0.00386582
181.647, 2.53961, -0.0280216, 0.0441711, -0.607925, -0.275737, 0.0386018
201.83, 2.52452, -0.0299086, 0.0421705, -0.679233, -0.187478, -0.0288544
222.049, 2.51479, -0.0249976, 0.0454876, -0.585487, 0.0469506, 0.0737165
242.17, 2.50391, -0.0270564, 0.0440223, -0.728036, -0.0247176, 0.0112839
262.31, 2.48682, -0.0236846, 0.045847, -0.630616, 0.0835692, 0.03983
282.515, 2.48145, -0.0227239, 0.0412899, -0.604111, 0.0871107, -0.100641
302.696, 2.46895, -0.0255409, 0.0409118, -0.50386, -0.0152352, -0.0413174
322.798, 2.4638, -0.00261044, 0.031896, -0.403129, 0.656843, -0.235538
342.925, 2.46009, -0.00192343, 0.0331214, -0.393879, 0.490123, -0.134033
363.103, 2.43016, 0.0013216, 0.035002, -0.772605, 0.242801, -0.0157867
383.311, 2.42142, 0.000584814, 0.0352821, -0.801347, 0.153089, -0.00337074
403.497, 2.38999, 0.00305579, 0.0353153, -0.946544, 0.109796, -0.000747516
423.658, 2.36659, 2.95211e-05, 0.0426042, -1.01456, -0.00398709, 0.146478
443.746, 2.35907, 0.0070576, 0.037088, -0.686711, 0.159824, -0.0306176
463.878, 2.35123, 0.00279926, 0.0445486, -0.583955, -0.0395279, 0.244195
484.095, 2.34052, 0.00461615, 0.0476483, -0.56505, 0.0321289, 0.207793
504.283, 2.33014, 0.0023114, 0.0468354, -0.554354, -0.0436349, 0.0870818
524.449, 2.32457, 0.00148663, 0.0479475, -0.413153, -0.0357198, 0.0780508
544.589, 2.31311, 0.00290772, 0.045902, -0.490819, 0.0162347, -0.00969277
564.835, 2.29632, 0.00993284, 0.0384938, -0.66438, 0.168267, -0.161096
585.019, 2.2644, 0.00958407, 0.0362989, -1.11783, 0.0779059, -0.136109
605.231, 2.25374, 0.0109046, 0.0355932, -0.820722, 0.0649601, -0.0879726
625.4, 2.24446, 0.00841339, 0.0354161, -0.648623, -0.0262735, -0.0529254
645.555, 2.23295, 0.0123066, 0.033289, -0.609036, 0.077527, -0.0866535
665.772, 2.22328, 0.0107159, 0.0324334, -0.550655, 8.28445e-05, -0.065589
686.047, 2.2129, 0.0101867, 0.0319312, -0.536906, -0.0103394, -0.0464615
706.231, 2.20255, 0.00962521, 0.0321901, -0.527381, -0.01897, -0.0175553
726.373, 2.1975, 0.00998875, 0.0327205, -0.5211, -0.00328748, 0.00245708
746.588, 2.18046, 0.0120695, 0.0312534, -0.543745, 0.0399985, -0.0202087
766.811, 2.17511, 0.0116555, 0.0312254, -0.541181, 0.0169256, -0.0152749
787.008, 2.15955, 0.0125699, 0.0291731, -0.547088, 0.0115264, -0.0486835
807.201, 2.14907, 0.00944096, 0.0292427, -0.535919, -0.0702057, -0.0233002
827.313, 2.14251, 0.0128282, 0.0265803, -0.422711, 0.0596452, -0.0812444
847.469, 2.13765, 0.0118201, 0.026801, -0.440812, 0.01416, -0.0519585
867.814, 2.12011, 0.00477539, 0.030604, -0.55726, -0.20323, 0.103632
888.025, 2.11593, 0.00656766, 0.0284393, -0.517705, -0.0948157, 0.0128924
908.19, 2.10017, 0.00637009, 0.0295793, -0.51841, -0.245744, 0.0492508
928.281, 2.08825, 0.00541431, 0.0308794, -0.556211, -0.149422, 0.0569168
948.443, 2.07927, 0.0256131, 0.0275714, -0.502297, 0.470916, -0.0499906
968.658, 2.06654, 0.0100659, 0.0279403, -0.562942, -0.0983871, -0.0111933
988.95, 2.05591, 0.010357, 0.0279723, -0.545503, -0.0461052, -0.00887067
1009.2, 2.0449, 0.010613, 0.0264576, -0.554684, -0.0174018, -0.0426921
1029.38, 2.03799, 0.00988981, 0.0275688, -0.456271, -0.0260351, 0.00514889
1049.62, 2.02765, 0.00956154, 0.0276492, -0.490097, -0.0203304, 0.00699437
1069.83, 2.01738, 0.00941577, 0.0281136, -0.499176, -0.0166694, 0.0157245
1090.06, 2.0067, 0.0108648, 0.0270192, -0.517246, 0.0296912, -0.0213097
1110.25, 2.00165, 0.0114784, 0.026612, -0.513599, 0.038668, -0.0268129
1130.43, 1.98577, 0.0202676, 0.0370414, -0.509081, 0.271737, 0.159472
1150.64, 1.97423, 0.0120146, 0.0383868, -0.54458, -0.0261656, 0.109677
1170.87, 1.96339, 0.0127384, 0.0377686, -0.536721, -0.0045437, 0.041806
1191.13, 1.95336, 0.0151908, 0.0379653, -0.525182, 0.0646689, 0.0285528
1211.26, 1.94387, 0.0156356, 0.0376461, -0.498588, 0.0400529, 0.00662196
1231.43, 1.93287, 0.0188461, 0.0199106, -0.525079, 0.114393, -0.495057
1251.53, 1.92267, 0.0175646, 0.0365432, -0.513526, 0.0283085, 0.0865461
1271.64, 1.90731, 0.0248792, 0.00704232, -0.496552, 0.126152, -0.438533
1291.81, 1.90222, 0.0245601, 0.00964158, -0.500131, 0.0813461, -0.240542
1312.02, 1.89334, 0.0257886, 0.00712325, -0.472677, 0.0716527, -0.184767
1332.23, 1.88467, 0.0204497, 0.0352884, -0.451156, -0.105367, 0.660564
1352.38, 1.86991, 0.0236691, 0.0274743, -0.476766, 0.0237579, 0.0964891
1372.52, 1.86062, 0.0240162, 0.0300659, -0.478952, 0.0307794, 0.0615252
1392.71, 1.85142, 0.0243278, 0.0355966, -0.473022, 0.0258276, 0.141004
1412.94, 1.84272, 0.0268691, 0.0329103, -0.585416, 0.0905445, 0.0248859
1433.13, 1.83126, 0.0275966, 0.0342824, -0.47855, 0.0489457, 0.0120339
1453.36, 1.82201, 0.0290428, 0.0344779, -0.469348, 0.0582164, 0.0120615
1473.48, 1.8124, 0.0312605, 0.0351456, -0.474851, 0.0830108, 0.0200742
1493.71, 1.80299, 0.0340109, 0.0289887, -0.472809, 0.109536, -0.139487
1513.9, 1.7892, 0.0341474, 0.0226183, -0.578123, 0.0595574, -0.226599
1534.12, 1.77873, 0.0342799, 0.0230438, -0.551551, 0.0329025, -0.110376
1554.42, 1.76823, 0.0324655, 0.0243799, -0.540746, -0.0356979, -0.0172623
1574.58, 1.75887, 0.0289907, 0.0252376, -0.50283, -0.112099, 0.0134097
1594.74, 1.74894, 0.0305713, 0.0253349, -0.499906, -0.0124652, 0.0105024
1614.89, 1.73766, 0.0282524, 0.0285304, -0.536364, -0.0758225, 0.103233
1635.08, 1.72547, 0.030572, 0.0240315, -0.579808, 0.00900003, -0.0378945
1655.24, 1.70839, 0.0292211, 0.0238372, -0.71238, -0.0225229, -0.0283376
1675.41, 1.69317, 0.02927, 0.0235758, -0.725677, -0.0105867, -0.0300489
1695.61, 1.6867, 0.0282577, 0.0247256, -0.532245, -0.0330304, 0.0215141
1715.8, 1.67396, 0.0261314, 0.0276557, -0.585882, -0.0578678, 0.0721437
1735.94, 1.66315, 0.0277215, 0.0241879, -0.567908, 0.00497597, -0.0346496
1756.06, 1.64451, 0.0260858, 0.0243317, -0.748764, -0.0464292, -0.0187834
1776.19, 1.61963, 0.0208161, 0.0292228, -0.989854, -0.152046, 0.109352
1796.42, 1.60029, 0.0244034, 0.0275872, -0.979585, -0.0230416, 0.0128107
1816.65, 1.58218, 0.0275487, 0.0276548, -0.936204, 0.0587736, -0.00528665
1836.88, 1.57135, 0.0275734, 0.0250264, -0.739467, 0.03193, -0.0620121
1857.01, 1.56345, 0.0283904, 0.0257566, -0.569661, 0.0355131, -0.0219319
1877.14, 1.5539, 0.030151, 0.0269542, -0.524713, 0.0610672, 0.0178744
1897.3, 1.54434, 0.0286393, 0.0268571, -0.517052, 0.00333741, 0.0241711
1917.52, 1.53404, 0.028318, 0.0280972, -0.513498, -0.010629, 0.0412594
1937.77, 1.52426, 0.027878, 0.0267857, -0.502501, -0.0118692, -0.0117449
1957.94, 1.51428, 0.0277767, 0.024775, -0.505777, -0.0143061, -0.0448952
1978.06, 1.50315, 0.026933, 0.0264986, -0.534452, -0.0301197, 0.0249894
1998.22, 1.49422, 0.027254, 0.0244869, -0.492283, -0.00997416, -0.0331059
2018.38, 1.48396, 0.026648, 0.0244088, -0.505676, -0.0161032, -0.0168384
2038.55, 1.47536, 0.0282098, 0.0230119, -0.469045, 0.0297303, -0.0426323
2058.73, 1.464, 0.028466, 0.0210567, -0.513421, 0.0222956, -0.067516
2078.92, 1.45426, 0.0256122, 0.0140813, -0.496799, -0.0443121, -0.178219
2099.15, 1.44438, 0.0255468, 0.0138557, -0.493223, -0.0251986, -0.0962799
2119.38, 1.43373, 0.0253028, 0.0145265, -0.51662, -0.017132, -0.0235421
2139.52, 1.42405, 0.0226907, 0.0161611, -0.504878, -0.0588519, 0.029019
2159.68, 1.41902, 0.0245821, 0.0135654, -0.50446, 0.0114477, -0.0527866
2179.92, 1.40467, 0.0245831, 0.0115924, -0.487277, 0.00590068, -0.0655502
2200.14, 1.39262, 0.0283947, 0.0146319, -0.538999, 0.0826615, 0.028223
2220.37, 1.38778, 0.028357, 0.0157552, -0.523367, 0.0581602, 0.052064
2240.6, 1.37328, 0.0287628, 0.0152204, -0.508155, -0.00757104, -0.0443195
2260.82, 1.36146, 0.0313483, 0.0146965, -0.548328, 0.0590155, -0.0355017
2281.03, 1.35301, 0.0293078, 0.0161431, -0.490147, -0.0117422, 0.00774636
2301.13, 1.34306, 0.0298402, 0.0153477, -0.503548, 0.0262258, 0.0118598
2321.23, 1.33346, 0.0291604, 0.0172177, -0.488612, 0.00043741, 0.0510934
2341.35, 1.32416, 0.0271423, 0.0129057, -0.47632, -0.0390634, -0.0584466
2361.47, 1.30795, 0.0323963, 0.015142, -0.633942, 0.0874736, 0.0447002
2381.54, 1.2931, 0.0333005, 0.0157707, -0.544383, 0.0437622, 0.0271462
2401.65, 1.28802, 0.033087, 0.0156071, -0.533957, 0.0253042, 0.0148129
2421.78, 1.27568, 0.0359983, 0.00656897, -0.477608, 0.0705872, -0.246874
2441.9, 1.27568, 0.0359983, 0.00656897, -0.477608, 0.0705872, -0.246874
2462.01, 1.25777, 0.0392953, 0.0193137, -0.42717, 0.112587, 0.243919
2482.13, 1.25022, 0.0381885, 0.0134629, -0.408424, 0.0333569, 0.00148921
2502.27, 1.24065, 0.0375158, 0.012311, -0.410917, 0.00459844, -0.0141997
2522.4, 1.22754, 0.0263858, 0.00305991, -0.528046, -0.220259, -0.17311
2542.57, 1.21353, 0.0217441, -0.0025434, -0.62787, -0.245836, -0.244762
2562.72, 1.20097, 0.0184781, -0.00304251, -0.626123, -0.202592, -0.138313
2582.91, 1.19119, 0.0191411, -0.0022761, -0.556271, -0.0853571, -0.054626
2603.1, 1.18015, 0.0186011, -0.0031813, -0.547133, -0.0806291, -0.0778763
2623.25, 1.17078, 0.0182744, -0.00266321, -0.523744, -0.120859, -0.0780802
2643.42, 1.16255, 0.0196966, -0.00337439, -0.464683, -0.0252617, -0.0530054
2663.65, 1.15327, 0.0194373, -0.00361286, -0.465233, -0.0190741, -0.0369187
2683.88, 1.14357, 0.0183467, -0.00324415, -0.4724, -0.0381648, -0.0125965
2704.1, 1.13537, 0.0221132, -0.00972251, -0.445239, 0.0587953, -0.145971
2724.4, 1.12546, 0.020293, -0.00977343, -0.474866, -0.0159968, -0.0767496
2744.54, 1.12028, 0.0252568, -0.00954854, -0.387421, 0.0912852, -0.0327988
2764.67, 1.10584, 0.019727, -0.00982439, -0.588866, -0.103706, 0.00772279
2784.87, 1.09629, 0.018034, -0.0101164, -0.536334, -0.0940139, -0.00314175
2805.02, 1.08823, 0.013796, -0.0146618, -0.474397, -0.142497, -0.0980595
2825.15, 1.07895, 0.013256, -0.0155123, -0.467071, -0.0868131, -0.0676263
2845.32, 1.06574, 0.0140204, -0.00759363, -0.578147, -0.0222063, 0.191592
2865.48, 1.05611, 0.0124402, -0.00765795, -0.528829, -0.0513587, 0.0951919
2885.67, 1.05164, 0.00999748, -0.0175783, -0.393357, -0.080399, -0.158843
2905.85, 1.03786, 0.0106412, -0.00813864, -0.522518, -0.0344818, 0.107155
2925.99, 1.02943, 0.00932542, -0.00847239, -0.475068, -0.0517383, 0.0498771
2946.2, 1.02002, 0.00898638, -0.00783339, -0.473624, -0.0292438, 0.0474896
2966.4, 1.01052, 0.00859859, -0.00777021, -0.479551, -0.017458, 0.03442
2986.63, 1.00105, 0.00837934, -0.00787393, -0.475994, -0.0163524, 0.0148302
3006.81, 0.991489, 0.008035, -0.00664075, -0.477725, -0.0157772, 0.035697
3026.95, 0.983354, 0.012845, -0.00360731, -0.572897, 0.125042, 0.111567
3047.14, 0.966994, 0.0119877, -0.00403925, -0.554908, 0.0370283, 0.0390926
3067.35, 0.953127, 0.0122417, -0.00354926, -0.631356, 0.0284206, 0.0347056
3087.49, 0.935836, 0.0131427, -0.00494344, -0.754301, 0.0389312, -0.0220821
3107.72, 0.928656, 0.0140104, -0.00507855, -0.552362, 0.0463951, -0.012222
3127.82, 0.920292, 0.0138112, -0.00412509, -0.496136, 0.0197863, 0.0140992
3147.95, 0.907596, 0.0321779, 0.00722877, -0.546069, 0.382979, 0.239175
3168.11, 0.894115, 0.0323776, 0.00645471, -0.620544, 0.199006, 0.0966535
3188.22, 0.867366, 0.0320499, 0.00622672, -0.981293, 0.10345, 0.036094
3208.39, 0.843969, 0.0268671, 0.00443135, -1.07488, -0.0862711, -0.0424809
3228.58, 0.824031, 0.0262527, 0.00305146, -1.03692, -0.0592406, -0.0553819
3248.78, 0.806254, 0.0260786, 0.00397424, -0.964892, -0.0355645, -0.00504462
3268.97, 0.794468, 0.0263264, 0.00483483, -0.766484, -0.0109006, 0.0164153
3289.2, 0.790647, 0.0275775, 0.00590078, -0.657545, 0.0276541, 0.0419785
3309.37, 0.777373, 0.0293291, 0.00543338, -0.519818, 0.0425129, 0.00168428
3329.6, 0.769741, 0.0305556, 0.0049887, -0.451805, 0.053649, -0.0115055
3349.82, 0.76186, 0.0323316, 0.00537277, -0.420306, 0.0729308, 0.00414014
3370.05, 0.750099, 0.0316006, 0.00537891, -0.499016, 0.0192068, -0.00138663
3390.28, 0.737095, 0.0319304, 0.00482205, -0.574706, 0.0162343, -0.0150417
3410.51, 0.730007, 0.0326005, 0.00438714, -0.61274, 0.0306265, -0.0231063
3430.74, 0.715246, 0.0335971, 0.00261338, -0.523965, 0.030172, -0.0484351
3450.96, 0.706631, 0.0341724, 0.00251976, -0.482281, 0.0296384, -0.0269353
3471.13, 0.697325, 0.0345488, 0.0020342, -0.472172, 0.0307644, -0.0210721
3491.27, 0.687605, 0.0344917, 0.00113725, -0.479417, 0.0106588, -0.0354447
3511.42, 0.671751, 0.0347364, -0.00307506, -0.514973, 0.0158755, -0.107786
3531.54, 0.661328, 0.0337887, -0.0045362, -0.512391, -0.0163799, -0.0895592
3551.78, 0.649127, 0.0377539, -0.000595925, -0.572723, 0.112382, 0.0520433
3571.94, 0.639837, 0.0364892, -0.00574343, -0.521376, 0.0370002, -0.0809685
3592.1, 0.634272, 0.0362061, -0.00558415, -0.531339, 0.0184881, -0.0535012
3612.23, 0.613962, 0.0360101, -0.00735266, -0.609241, 0.00497585, -0.0542141
3632.35, 0.603735, 0.0333154, -0.00712867, -0.560844, -0.0657498, -0.0248925
3652.51, 0.594207, 0.0318016, -0.00828063, -0.520577, -0.0677942, -0.0458846
3672.68, 0.57991, 0.0367889, -0.0026728, -0.596201, 0.0453155, 0.080515
3692.84, 0.574577, 0.0286587, -0.00933338, -0.418871, -0.221139, -0.150297
3713.03, 0.566204, 0.0263573, -0.0112021, -0.41817, -0.169417, -0.120797
3733.22, 0.556746, 0.0228148, -0.012742, -0.448882, -0.176405, -0.100883
3753.46, 0.542659, 0.0372331, -0.00475628, -0.558686, 0.239778, 0.111607
3773.67, 0.531441, 0.0368706, -0.00638339, -0.564502, 0.10941, 0.0171562
3793.8, 0.521813, 0.0379181, -0.00639342, -0.524061, 0.0816557, 0.00856432
3813.99, 0.517334, 0.0240304, -0.013015, -0.355062, -0.351627, -0.182696
3834.22, 0.503245, 0.0378698, -0.00623886, -0.502623, 0.109135, 0.0431429
3854.33, 0.494186, 0.0370246, -0.00652177, -0.476573, 0.0376203, 0.0178687
3874.44, 0.482665, 0.0346927, -0.00807517, -0.530931, -0.0425787, -0.0334711
3894.54, 0.472398, 0.0346786, -0.00820747, -0.527133, -0.0294079, -0.0200923
3914.64, 0.463457, 0.0361034, -0.00756928, -0.491637, 0.014112, 0.000906476
3934.78, 0.454423, 0.0358629, -0.00646624, -0.471738, -0.0044158, 0.0263564
3954.9, 0.442139, 0.0363278, -0.00757701, -0.535233, 0.0036335, -0.00855783
3975.06, 0.435491, 0.035116, -0.00176124, -0.571961, -0.0317464, 0.158727
3995.22, 0.420715, 0.035728, -0.00669568, -0.493992, 0.0145821, -0.0704749
4015.4, 0.4081, 0.0369447, -0.00728388, -0.566807, 0.039444, -0.057702
4035.59, 0.406119, 0.0173653, -0.012407, -0.319426, -0.527866, -0.181638
4055.76, 0.390379, 0.0336192, -0.00676462, -0.557563, 0.180165, 0.0710298
4075.89, 0.380792, 0.0340666, -0.00715649, -0.510482, 0.0933728, 0.0280283
4096.05, 0.375286, 0.0192593, -0.0138098, -0.386361, -0.381003, -0.185005
4116.24, 0.360102, 0.0338257, -0.00833386, -0.54577, 0.0885075, 0.0214303
4136.45, 0.351417, 0.0328681, -0.00802977, -0.491392, 0.0194589, 0.0175663
4156.61, 0.341738, 0.0338227, -0.00839511, -0.474306, 0.0213773, 0.00980045
4176.8, 0.329088, 0.0333701, -0.00958006, -0.5513, -3.4124e-05, -0.0237972
4197.03, 0.319666, 0.0329926, -0.0101093, -0.531561, -0.0171444, -0.0223001
4217.25, 0.310675, 0.0338671, -0.0101703, -0.488591, 0.0132925, -0.011362
4237.43, 0.300029, 0.0380566, -0.00942017, -0.514517, 0.1214, 0.0179576
4257.66, 0.290543, 0.0354914, -0.0118398, -0.497433, 0.0117088, -0.0432466
4277.88, 0.279473, 0.0346631, -0.0116638, -0.527606, -0.011019, -0.0183283
4298.02, 0.270692, 0.019818, -0.0129738, -0.484535, -0.366825, -0.0412812
4318.25, 0.262673, 0.00976375, -0.0153412, -0.463971, -0.393853, -0.066975
4338.41, 0.245277, 0.00732612, -0.0163496, -0.678009, -0.226066, -0.0548494
4358.57, 0.228876, 0.0372762, -0.00873715, -0.950738, 0.687007, 0.176489
4378.75, 0.2108, 0.035969, -0.0116407, -0.717936, 0.222838, 0.0082563
4398.98, 0.19998, 0.0351566, -0.0126406, -0.669352, 0.206772, 0.0057722
4419.21, 0.186019, 0.0368694, -0.0132365, -0.682032, 0.143859, -0.00907154
4439.49, 0.174655, 0.0370525, -0.0135067, -0.626639, 0.0783137, -0.0112308
4459.67, 0.153635, 0.0348149, -0.0155708, -0.793672, -0.00250261, -0.0527396
4479.85, 0.134616, 0.035361, -0.0169441, -0.919071, 0.131786, -0.0327559
4500.06, 0.11657, 0.0328643, -0.0188113, -0.899221, -0.0266331, -0.0593994
4520.3, 0.106492, 0.0276627, -0.0197589, -0.666929, -0.169893, -0.0367362
4540.41, 0.101807, 0.0180502, -0.0210722, -0.487916, -0.335982, -0.0179708
4560.51, 0.0896091, 0.0181969, -0.0221359, -0.547258, -0.168928, -0.0351076
4580.61, 0.0671227, 0.0248665, -0.0275932, -0.852721, 0.106347, -0.175422
4600.74, 0.0489851, 0.0249093, -0.0244075, -0.887619, 0.0624795, -0.0209363
4620.88, 0.0394036, 0.0240802, -0.024542, -0.907614, 0.0212675, -0.0188126
4641.08, 0.0139723, 0.00998721, -0.0256517, -0.792981, -0.385462, -0.0464425
4661.2, -0.0148091, 0.02366, -0.0222119, -1.14146, 0.170008, 0.0622719
4681.36, -0.0166804, 0.00977471, -0.0242849, -0.587788, -0.309353, -0.0282971
4701.52, -0.0238336, 0.00858949, -0.0252263, -0.482548, -0.182178, -0.0339186
4721.67, -0.0455846, 0.0272452, -0.0196266, -0.615925, 0.295899, 0.0854178
4741.82, -0.0557201, 0.0265546, -0.0203002, -0.559732, 0.12193, 0.0281691
4762.01, -0.0552878, 0.0208645, -0.0192407, -0.388814, -0.0739296, 0.0502156
4782.17, -0.0831981, 0.026312, -0.0189302, -0.719205, 0.0377412, 0.030777
4802.29, -0.0846288, 0.0123066, -0.0190599, -0.555887, -0.369968, 0.0183755
4822.44, -0.105722, 0.011567, -0.0181396, -0.653738, -0.143946, 0.0198606
4842.65, -0.123116, 0.0259019, -0.0173619, -0.758803, 0.274852, 0.0291164
4862.83, -0.136498, 0.0223385, -0.0152593, -0.740924, 0.0382842, 0.074719
4883.02, -0.142946, 0.0392545, -0.0159476, -0.521134, 0.503621, 0.0189473
4903.15, -0.152599, 0.0373715, -0.0158237, -0.498799, 0.205167, 0.00754145
4923.39, -0.157369, 0.0365281, -0.0153372, -0.492619, 0.123101, 0.0191944
4943.61, -0.173743, 0.0246071, -0.0164141, -0.516508, -0.165326, -0.0136798
4963.84, -0.175971, 0.00752558, -0.0142389, -0.31938, -0.50046, 0.0458985
4984.06, -0.19218, 0.0235292, -0.0183111, -0.590749, 0.204781, -0.0878303
5004.23, -0.195642, 0.00967792, -0.0164935, -0.409027, -0.186672, -0.00908183
5024.5, -0.205688, 0.0111133, -0.0168769, -0.408248, -0.159301, 0.00323
5044.67, -0.213322, 0.00496079, -0.0166677, -0.391236, -0.241306, 0.00677743
5064.83, -0.224104, 0.00250157, -0.0165384, -0.462173, -0.176508, 0.00775265
5084.98, -0.246719, 0.0274395, -0.0283969, -0.800242, 0.470489, -0.281285
5105.15, -0.257312, 0.0268823, -0.0309317, -0.656392, 0.228131, -0.203606
5125.29, -0.267947, 0.0259744, -0.0307192, -0.595744, 0.0950397, -0.0993634
5145.5, -0.271786, 0.0258559, -0.0309173, -0.535696, 0.0647398, -0.0768136
5165.68, -0.277045, 0.018145, -0.0256496, -0.30679, -0.0124974, 0.0915104
5185.81, -0.284199, 0.00913738, -0.0272511, -0.4226, -0.264293, 0.0201732
5206.01, -0.308095, 0.0236074, -0.0321326, -0.646311, 0.147577, -0.0805375
5226.2, -0.320057, 0.0217379, -0.031274, -0.622987, 0.0289578, -0.0231409
5246.43, -0.327978, 0.0192384, -0.0310049, -0.511063, -0.0478314, -0.00413223
5266.66, -0.334415, 0.00426537, -0.0303618, -0.406256, -0.44596, 0.0189893
5286.8, -0.353723, 0.0270756, -0.026323, -0.68564, 0.401532, 0.0698757
5307.04, -0.356439, 0.0216526, -0.0273524, -0.568279, 0.133986, 0.0208877
5327.27, -0.367475, 0.00777933, -0.027272, -0.474467, -0.326285, 0.110017
5347.5, -0.376346, 0.00728558, -0.0276096, -0.459417, -0.179533, 0.0482724
5367.77, -0.386326, 0.00702461, -0.0279849, -0.525938, -0.0647818, 0.0578168
5387.92, -0.394852, -0.010998, -0.0232655, -0.477464, -0.471734, 0.144504
5408.01, -0.405111, 0.00497186, -0.0283256, -0.494612, 0.213908, -0.0623228
5428.14, -0.412088, -0.0140905, -0.0230722, -0.430857, -0.283385, 0.0818952
5448.29, -0.417354, -0.0156235, -0.0230416, -0.457997, -0.246512, 0.0595486
5468.49, -0.431188, -0.0170919, -0.0226221, -0.477326, -0.129689, 0.0348254
5488.65, -0.442309, -6.84969e-05, -0.0285285, -0.513979, 0.307263, -0.113816
5508.85, -0.455571, 0.00711419, -0.0361635, -0.586549, 0.332503, -0.244187
5529.08, -0.46041, 0.00828354, -0.0362145, -0.557456, 0.271396, -0.176414
5549.3, -0.468656, -0.0146049, -0.0223743, -0.336892, -0.562607, 0.338874
5569.46, -0.47926, 0.00933969, -0.0372705, -0.541982, 0.275629, -0.179446
5589.68, -0.495604, -0.017011, -0.027492, -0.589909, -0.453886, 0.103552
5609.84, -0.503514, -0.0076159, -0.0263756, -0.503734, -0.0406579, 0.0815206
5630, -0.513401, -0.00763165, -0.0261036, -0.497385, -0.0189188, 0.045841
5650.15, -0.520826, -0.0106095, -0.0192958, -0.441215, -0.0609182, 0.161821
5670.3, -0.529121, 0.00037165, -0.0155337, -0.423867, 0.205223, 0.157647
5690.52, -0.533714, -0.00379182, -0.0165236, -0.433908, 0.0290272, 0.0848991
5710.72, -0.547826, -0.00338414, -0.0157421, -0.396673, 0.123303, 0.13315
5730.91, -0.562442, 0.0138607, -0.0248581, -0.559248, 0.482859, -0.153423
5751.17, -0.573175, 0.0144276, -0.02585, -0.546294, 0.260664, -0.102652
5771.33, -0.59309, 0.0324354, -0.0404512, -0.765002, 0.571944, -0.407938
5791.5, -0.598006, 0.0189377, -0.0346698, -0.534952, 0.0180164, -0.0858263
5811.79, -0.607457, 0.0189154, -0.0340358, -0.524755, 0.00751941, -0.0430267
5831.94, -0.623762, 0.019185, -0.0341466, -0.532898, 0.0107436, -0.0203816
5852.05, -0.634477, 0.0179367, -0.0339518, -0.524533, -0.015285, -0.00441782
5872.15, -0.639793, 0.0179664, -0.0343033, -0.526539, -0.0101111, -0.0131311
5892.28, -0.666991, 0.0191528, -0.0407841, -0.829672, 0.0531532, -0.176592
5912.38, -0.677574, 0.0117075, -0.0333439, -0.715749, -0.139297, 0.0765826
5932.57, -0.687286, 0.0135248, -0.0368723, -0.788163, -0.0482939, -0.0451446
5952.77, -0.707682, 0.00853151, -0.0364519, -0.719705, -0.122979, -0.00774874
5973.01, -0.725642, 0.00392385, -0.0341849, -0.814386, -0.166518, 0.0340326
5993.12, -0.747013, 0.00230941, -0.0332099, -0.932956, -0.178385, 0.0778388
6013.33, -0.757223, 0.00184902, -0.0337284, -0.957922, -0.140869, 0.0410758
6033.51, -0.784499, 0.0014164, -0.032741, -0.921909, -0.0647034, 0.0375259
6053.77, -0.794601, 0.000954311, -0.0329292, -0.946935, -0.0594608, 0.0215523
6074, -0.824044, 0.00138056, -0.0340136, -0.968741, -0.0128931, -0.0149199
6094.19, -0.83889, 0.000689186, -0.034646, -0.857427, -0.0622124, -0.030237
6114.44, -0.842644, 0.002252, -0.0337299, -0.543385, 0.01285, -0.00648023
6134.59, -0.849874, 0.002376, -0.0360915, -0.5943, 0.0127222, -0.0715854
6154.75, -0.870126, 0.00239519, -0.036709, -0.658876, 0.00514691, -0.0420289
6174.91, -0.880833, 0.00191343, -0.0365116, -0.590205, -0.00825807, -0.0226578
6195.15, -0.891483, 0.00526422, -0.0367224, -0.567522, 0.0890822, -0.0190584
6215.33, -0.906869, 0.000587645, -0.0352344, -0.671528, -0.0882902, 0.0295329
6235.47, -0.92244, -0.00125068, -0.0352542, -0.721256, -0.0836749, 0.0159027
6255.66, -0.931638, -0.00324405, -0.0345096, -0.777535, -0.116462, 0.0325035
6275.89, -0.955861, -0.00844299, -0.0405581, -0.785368, -0.149274, -0.094622
6296.12, -0.969799, -0.0114397, -0.0399246, -0.742323, -0.149548, -0.0331686
6316.34, -0.98172, -0.0107546, -0.0396745, -0.664897, -0.0651418, -0.00829074
6336.5, -0.991486, -0.0112938, -0.0418209, -0.578559, -0.0460763, -0.0511159
6356.72, -0.996261, -0.011069, -0.0408984, -0.549902, -0.0266436, -0.0104748
6376.95, -1.01029, -0.011613, -0.0400189, -0.494447, -0.025726, 0.0172428
6397.09, -1.01244, -0.0195348, -0.0230725, -0.415129, -0.24299, 0.492731
6417.33, -1.0256, -0.0162164, -0.0159702, -0.411854, 0.0157901, 0.354346
6437.52, -1.03468, -0.0200567, -0.0202642, -0.428594, -0.107942, 0.0656024
6457.77, -1.04691, -0.0136757, -0.0451093, -0.517537, 0.099825, -0.570777
6477.9, -1.05387, -0.00808832, -0.0417747, -0.568136, 0.229912, -0.314454
6498.03, -1.06851, -0.0155995, -0.0240494, -0.527727, -0.0471553, 0.191351
6518.19, -1.07412, -0.0160001, -0.0236189, -0.53724, -0.0451441, 0.149313
6538.37, -1.09263, -0.00891177, -0.0392943, -0.578837, 0.108508, -0.216185
6558.49, -1.10306, -0.00935008, -0.0398146, -0.551077, 0.0450463, -0.123651
6578.59, -1.11319, -0.0112309, -0.038567, -0.526031, -0.0202684, -0.0347879
6598.73, -1.12442, -0.0186192, -0.0274971, -0.543349, -0.190157, 0.251459
6618.85, -1.13329, -0.0191416, -0.0285327, -0.494386, -0.114766, 0.110301
6638.99, -1.13859, -0.0194393, -0.0275293, -0.504439, -0.0906733, 0.107476
6659.21, -1.15128, -0.0193768, -0.0295269, -0.441266, -0.0203523, -0.0191606
6679.47, -1.16083, -0.0178467, -0.0325264, -0.45883, 0.0267778, -0.0828118
6699.69, -1.17647, -0.0316639, -0.0280298, -0.642693, -0.370143, 0.0840782
6720, -1.18751, -0.0132444, -0.0329047, -0.598568, 0.258093, -0.075434
6740.11, -1.19607, -0.0178682, -0.0324688, -0.516035, 0.0363145, -0.025276
6760.21, -1.20777, -0.0193707, -0.0312229, -0.545002, -0.0181971, 0.0199306
6780.29, -1.21159, -0.0193942, -0.031507, -0.498692, -0.013704, 0.00622652
6800.39, -1.22798, -0.0206975, -0.0290084, -0.517097, -0.0272312, 0.0494182
6820.47, -1.24015, -0.0192802, -0.0272891, -0.57078, 0.0204915, 0.0746949
6840.57, -1.2486, -0.0182814, -0.0278985, -0.497107, 0.0369562, 0.0219571
6860.68, -1.25329, -0.0176819, -0.0277585, -0.489209, 0.0434753, 0.0197018
6880.79, -1.26757, -0.0146903, -0.0283885, -0.485106, 0.072607, -0.00162392
6900.87, -1.27332, -0.0154314, -0.0272247, -0.510615, 0.0310178, 0.0318274
6921.02, -1.29015, -0.0183485, -0.0241281, -0.558768, -0.0461237, 0.0844649
6941.13, -1.30038, -0.0235169, -0.0226487, -0.535621, -0.149424, 0.0793577
6961.24, -1.31207, -0.0261685, -0.0205042, -0.557732, -0.138799, 0.0866442
6981.43, -1.32019, -0.0302865, -0.0174111, -0.483868, -0.171449, 0.119736
7001.56, -1.33505, -0.0296242, -0.0178947, -0.488205, -0.0612679, 0.0427992
7021.67, -1.34608, -0.0292342, -0.0175215, -0.510774, -0.0158455, 0.0237905
7041.83, -1.35083, -0.0287987, -0.0176888, -0.500611, 0.000992254, 0.0123056
7061.98, -1.36561, -0.0296465, -0.0168464, -0.494334, -0.0140444, 0.0158675
7082.17, -1.3716, -0.0294565, -0.0161588, -0.523772, -0.00467843, 0.0308595
7102.34, -1.38674, -0.0289193, -0.0160111, -0.515018, 0.011374, 0.0195565
7122.53, -1.39677, -0.0302613, -0.016969, -0.508351, -0.0268092, -0.0132627
7142.72, -1.40301, -0.0293969, -0.016766, -0.541382, 0.00529387, -0.00374994
7162.91, -1.41939, -0.0287157, -0.016384, -0.554457, 0.00598668, 0.0202814
7183.11, -1.42864, -0.0305806, -0.0170341, -0.513101, -0.041865, -0.00453601
7203.33, -1.43799, -0.0298501, -0.0176172, -0.481227, -0.00123978, -0.0209302
7223.5, -1.45076, -0.0303183, -0.0174751, -0.556019, -0.00985214, -0.00361321
7243.7, -1.46083, -0.029942, -0.017234, -0.530496, 0.00409804, 0.00400849
7263.93, -1.4708, -0.030177, -0.01802, -0.508572, -0.0056292, -0.019902
7284.1, -1.48023, -0.0292825, -0.0146601, -0.490484, 0.0188724, 0.0715261
7304.29, -1.48771, -0.0304687, -0.0182714, -0.563451, -0.020103, -0.0511186
7324.45, -1.51284, -0.0313613, -0.0176077, -0.751508, -0.0301614, -0.00485464
7344.62, -1.51889, -0.032161, -0.0173965, -0.71006, -0.0442813, 0.00250831
7364.76, -1.53681, -0.0416649, -0.0212939, -0.607586, -0.198122, -0.077204
7384.85, -1.55158, -0.0429144, -0.0199793, -0.679223, -0.134242, -0.00486502
7405, -1.56794, -0.0424689, -0.0197619, -0.74675, -0.0580843, 0.00279266
7425.15, -1.57788, -0.0432628, -0.0204536, -0.816946, -0.0641226, -0.017607
7445.33, -1.61811, -0.0418262, -0.019008, -1.17625, 0.00478596, 0.00699058
7465.52, -1.63068, -0.03974, -0.0175784, -1.19912, 0.0625691, 0.0455351
7485.71, -1.66351, -0.0449103, 0.00519225, -1.14183, -0.149379, 0.63175
7505.9, -1.66957, -0.0338667, -0.000608069, -0.733809, 0.191986, 0.183234
7526.09, -1.67653, -0.0327967, 0.00322083, -0.536467, 0.125812, 0.192177
7546.28, -1.68826, -0.0379, 0.00747303, -0.561336, -0.0458906, 0.20584
7566.5, -1.69623, -0.0380645, 0.00666795, -0.481246, -0.0286477, 0.0872928
7586.7, -1.70843, -0.038475, 0.00441742, -0.529158, -0.0271344, 0.00368224
7606.92, -1.71878, -0.0374001, 0.00428875, -0.530675, 0.0124336, 0.00291746
7627.15, -1.72872, -0.0367641, 0.00314273, -0.514274, 0.0218581, -0.0263838
7647.37, -1.74635, -0.0361832, -0.00722777, -0.721094, 0.0225872, -0.307889
7667.49, -1.75433, -0.0354711, -0.00506218, -0.564302, 0.0289227, -0.105389
7687.76, -1.76442, -0.0349201, -0.00136, -0.522946, 0.0319192, 0.0335223
7707.93, -1.77277, -0.0431622, -0.00134312, -0.471221, -0.214685, 0.00405039
7728.09, -1.78302, -0.0335615, 0.00452, -0.495041, 0.186313, 0.202236
7748.25, -1.79004, -0.0494751, -0.0110827, -0.435376, -0.216226, -0.190135
7768.42, -1.79802, -0.0502977, -0.0120979, -0.41938, -0.134286, -0.117231
7788.6, -1.80947, -0.0527326, -0.0183975, -0.473237, -0.122005, -0.180507
7808.78, -1.81501, -0.0516571, -0.0166163, -0.495971, -0.0569351, -0.0788467
7828.91, -1.83082, -0.0514516, -0.0146249, -0.524456, -0.0221269, 0.0141946
7849.12, -1.83442, -0.0612589, -0.0123976, -0.477662, -0.293862, 0.0733087
7869.28, -1.84309, -0.0393091, 0.0274887, -0.3671, 0.308612, 0.726076
7889.41, -1.85253, -0.0418864, 0.0261287, -0.418183, 0.0957442, 0.339693
7909.52, -1.86213, -0.0405936, 0.0258284, -0.441828, 0.0805775, 0.165847
7929.68, -1.88001, -0.0263923, 0.023669, -0.661776, 0.386876, 0.0326118
7949.83, -1.89017, -0.0233113, 0.0232777, -0.591286, 0.28046, 0.013633
7970.07, -1.8998, -0.0196806, 0.0237215, -0.539039, 0.232284, 0.01937
7990.23, -1.91392, -0.0206198, 0.0199221, -0.620942, 0.0985577, -0.0984214
8010.42, -1.92589, -0.0167898, 0.0529128, -0.60984, 0.143782, 0.752105
8030.61, -1.93665, -0.0220055, 0.0516201, -0.576656, -0.0299458, 0.367564
8050.75, -1.94413, -0.0129322, 0.0474467, -0.478011, 0.205369, 0.087179
8070.98, -1.95707, -0.0126355, 0.0462971, -0.546459, 0.131119, 0.0466446
8091.21, -1.964, -0.0139347, 0.0518324, -0.45121, -0.0338006, 0.219216
8111.38, -1.96849, -0.0141555, 0.0518182, -0.450647, -0.0304786, 0.156673
8131.55, -1.98215, -0.013009, 0.0500311, -0.451095, 0.0148908, 0.0171137
8151.72, -1.99079, -0.011088, 0.0464271, -0.438821, 0.0524074, -0.0807336
8171.87, -2.0101, -0.0083547, 0.0429542, -0.560102, 0.0766186, -0.103129
8192.09, -2.02357, -0.00716797, 0.0425386, -0.615342, 0.0682092, -0.0630587
8212.32, -2.03804, -0.00457012, 0.0392949, -0.67927, 0.0517639, -0.140356
8232.56, -2.04525, -0.0164482, 0.0443496, -0.524223, -0.262407, 0.0509152
8252.78, -2.05595, -0.0150855, 0.0439982, -0.531355, -0.101725, 0.0219572
8273, -2.06824, -0.0162451, 0.0399976, -0.555215, -0.0677116, -0.0705564
8293.23, -2.07226, -0.0147756, 0.0400314, -0.511656, -0.00686372, -0.0496
8313.46, -2.089, -0.00809124, 0.0423648, -0.546957, 0.187185, 0.032917
8333.66, -2.09897, -0.00812374, 0.0423822, -0.522015, 0.170276, -0.0366369
8353.86, -2.10907, -0.00772715, 0.0427368, -0.509566, 0.0973919, -0.00528267
8373.98, -2.11592, -0.0100344, 0.047558, -0.415568, -0.0150462, 0.130826
8394.15, -2.12618, -0.00993163, 0.0444045, -0.456905, -0.00850304, 0.00264302
8414.26, -2.1312, -0.0108422, 0.0430128, -0.469829, -0.031904, -0.0375546
8434.45, -2.14678, -0.0111807, 0.0398916, -0.50274, -0.0192801, -0.0866511
8454.59, -2.15627, -0.0117221, 0.0389245, -0.488994, -0.023069, -0.0680172
8474.8, -2.16584, -0.0113429, 0.039022, -0.483508, -0.00370066, -0.0315369
8494.94, -2.17417, -0.0204473, 0.0411873, -0.450889, -0.223401, 0.0364883
8515.07, -2.18531, -0.0191948, 0.0412601, -0.505742, -0.0813525, 0.013302
8535.23, -2.19381, -0.0231987, 0.0354246, -0.45504, -0.148278, -0.143054
8555.42, -2.21191, -0.0295555, 0.0286694, -0.668344, -0.284813, -0.235448
8575.61, -2.21796, -0.0247804, 0.0279022, -0.4903, -0.0300546, -0.13955
8595.8, -2.22818, -0.024131, 0.0272311, -0.495915, -0.00152194, -0.082759
8615.93, -2.23828, -0.0217571, 0.0274722, -0.500291, 0.0569734, -0.036625
8636.15, -2.24404, -0.0215267, 0.0271637, -0.521746, 0.0473534, -0.0349891
8656.37, -2.25784, -0.0249483, 0.0276257, -0.475581, -0.0443395, 0.00148041
8676.6, -2.26865, -0.0213733, 0.0286669, -0.507677, 0.0443807, 0.00925087
8696.83, -2.28031, -0.0290776, 0.0308548, -0.552812, -0.195893, 0.0654194
8716.94, -2.29135, -0.0214961, 0.0272877, -0.555233, 0.0830382, -0.016585
8737.17, -2.3067, -0.0257918, 0.0254226, -0.6608, -0.0425905, -0.0428312
8757.4, -2.31758, -0.0326379, 0.0260129, -0.781811, -0.224583, -0.0139568
8777.56, -2.33731, -0.043848, 0.0163781, -0.697008, -0.168846, -0.134497
8797.85, -2.33981, -0.039255, 0.0165393, -0.570445, 0.0092145, -0.0918026
8817.98, -2.36284, -0.026063, 0.0232631, -0.692733, 0.388201, 0.19082
8838.14, -2.37864, -0.026953, 0.0310487, -0.740114, 0.177657, 0.287388
8858.34, -2.40167, -0.0317323, 0.0316867, -0.893658, -0.0193004, 0.223326
8878.5, -2.4298, -0.018655, 0.0312562, -1.1433, 0.308249, 0.104185
8898.63, -2.4437, -0.0232126, 0.0335639, -0.90845, 0.0223758, 0.119418
8918.78, -2.45065, -0.0245944, 0.0318791, -0.637168, -0.0228004, 0.0214393
8939.02, -2.46191, -0.0214471, 0.0336898, -0.610654, 0.0554368, 0.0384635
8959.22, -2.47454, -0.0191025, 0.0312033, -0.620858, 0.0855044, -0.0407459
8979.37, -2.48592, -0.017206, 0.0299655, -0.605077, 0.0996594, -0.0623316
8999.48, -2.49566, -0.0171499, 0.0284813, -0.547511, 0.0525306, -0.0681126
9019.61, -2.50387, -0.0143249, 0.024703, -0.625065, 0.117721, -0.155907
9039.72, -2.52013, -0.0149703, 0.0232791, -0.589092, 0.0330727, -0.0922834
9059.89, -2.54068, -0.0116269, 0.0184629, -0.815547, 0.0858587, -0.151644
9080.01, -2.55253, -0.0110308, 0.0268641, -0.705019, 0.0583844, 0.102822
9100.11, -2.55828, -0.016978, 0.0291128, -0.503197, -0.096317, 0.0908764
9120.29, -2.56923, -0.0121365, 0.0266206, -0.52476, 0.06834, -0.0139764
9140.51, -2.57494, -0.010852, 0.0233858, -0.537848, 0.0853782, -0.101711
9160.7, -2.59148, -0.0137497, 0.0214388, -0.55153, 0.0118467, -0.140906
9180.93, -2.59681, -0.0135485, 0.0215478, -0.546516, 0.0141929, -0.0978741
9201.13, -2.60882, -0.0128168, 0.0242039, -0.456791, 0.0221955, 0.0131923
9221.26, -2.6159, -0.0163921, 0.0185486, -0.390618, -0.07542, -0.139045
9241.42, -2.63758, -0.00936255, 0.0282366, -0.657216, 0.149701, 0.0678609
9261.68, -2.65055, -0.00773899, 0.0285019, -0.613764, 0.132169, 0.0295962
9281.85, -2.66068, -0.0114537, 0.0244903, -0.427415, 0.0237375, -0.167505
9302.01, -2.6748, -0.0174041, 0.0310764, -0.586237, -0.135867, 0.0282272
9322.2, -2.67867, -0.0142613, 0.0259156, -0.529531, -0.00826353, -0.126066
9342.35, -2.68605, -0.0143045, 0.0260948, -0.33425, 0.073018, -0.0870218
9362.54, -2.69127, -0.0211186, 0.028777, -0.281288, -0.143045, 0.0473865
9382.68, -2.70422, -0.0176861, 0.03237, -0.467638, 0.0195879, 0.133654
9402.87, -2.71274, -0.0165916, 0.0333627, -0.447377, 0.0366861, 0.0927709
9423.06, -2.73034, -0.0207869, 0.0345087, -0.688567, -0.0932299, 0.0371006
9443.25, -2.73974, -0.0194269, 0.0340238, -0.582166, -0.0147789, 0.00725071
9463.48, -2.7462, -0.0141044, 0.0300942, -0.444983, 0.137114, -0.0734247
9483.67, -2.75629, -0.0140651, 0.0301172, -0.455442, 0.101385, -0.0349534
9503.9, -2.76564, -0.0147959, 0.0327937, -0.458679, 0.0377219, 0.0364869
9524.12, -2.78557, -0.026156, 0.0331646, -0.720519, -0.257013, 0.0277576
9544.28, -2.79716, -0.0256341, 0.0315228, -0.665855, -0.155112, -0.0298334
9564.42, -2.80725, -0.025392, 0.0313293, -0.587274, -0.0737464, -0.0200236
9584.58, -2.81215, -0.0253513, 0.0309585, -0.559704, -0.0516891, -0.0248591
9604.75, -2.82527, -0.0258739, 0.0296851, -0.460778, -0.0442639, -0.00139196
9624.91, -2.82972, -0.0255649, 0.0292503, -0.456488, -0.0229593, -0.0133242
9645.09, -2.84111, -0.0266106, 0.035149, -0.381597, -0.0465854, 0.134812
9665.23, -2.85351, -0.0259906, 0.0281506, -0.481391, -0.0167343, -0.0740261
9685.42, -2.86535, -0.023203, 0.027429, -0.538188, 0.0361613, -0.057114
9705.59, -2.87431, -0.0239453, 0.0297814, -0.510047, -0.00111731, 0.0148208
9725.79, -2.885, -0.0230821, 0.0307883, -0.514701, 0.0179054, 0.028708
9746.01, -2.88866, -0.0230768, 0.0306898, -0.472466, 0.0129802, 0.0177781
9766.18, -2.90651, -0.0258191, 0.0303919, -0.576534, -0.0798509, -0.00181768
9786.4, -2.91669, -0.0249678, 0.0298468, -0.543498, -0.0202861, -0.014194
9806.63, -2.92509, -0.0177875, 0.0315784, -0.479302, 0.171532, 0.0290864
9826.85, -2.94135, -0.0171116, 0.0259123, -0.650341, 0.119337, -0.135321
9847.08, -2.95493, -0.0159282, 0.0250852, -0.664347, 0.0900598, -0.0895988
9867.23, -2.96701, -0.0167077, 0.0258244, -0.630932, 0.0201631, -0.0246658
9887.41, -2.97758, -0.0114346, 0.0290662, -0.57142, 0.160567, 0.0802511
9907.63, -2.9866, -0.0113774, 0.0275845, -0.512821, 0.0838299, 0.00515358
9927.84, -2.99517, -0.00852215, 0.0299285, -0.466163, 0.132107, 0.0721575
9948, -3.00534, -0.0108162, 0.0306399, -0.481729, 0.0137676, 0.0526172
9968.18, -3.01009, -0.0109909, 0.0305089, -0.479721, 0.00491378, 0.0339867
9988.29, -3.03027, -0.0160787, 0.0290868, -0.626365, -0.146146, -0.0378954
10008.4, -3.03881, -0.0217592, 0.0303652, -0.690712, -0.265744, 0.00908754
10028.6, -3.06137, -0.0235942, 0.0278527, -0.77658, -0.146532, -0.0715869
10048.7, -3.06999, -0.0203379, 0.0285899, -0.607575, -0.00572967, -0.0145096
10068.9, -3.07792, -0.0157025, 0.0299838, -0.533691, 0.0706971, 0.0374469
10089.1, -3.08809, -0.0166485, 0.0291904, -0.521541, 0.0154307, -0.000646224
10109.3, -3.09829, -0.0136078, 0.0295973, -0.510823, 0.0848052, 0.0115644
10129.5, -3.10959, -0.0113838, 0.0294458, -0.544386, 0.097455, 0.000756539
10149.7, -3.12063, -0.0074835, 0.028352, -0.55516, 0.138014, -0.0214894
10169.9, -3.13433, -0.00681079, 0.0299502, -0.618474, 0.087225, 0.0278489
10190, 3.14029, -0.00718655, 0.0299798, -0.527052, 0.0343262, 0.0108678
10210.2, 3.13188, -0.0066278, 0.0304675, -0.475282, 0.0312176, 0.0174465
10230.4, 3.12338, -0.00704005, 0.0301001, -0.449579, 0.00267987, -0.00112231
10250.6, 3.11375, -0.00960352, 0.0284829, -0.464296, -0.0635643, -0.0394543
10270.9, 3.10088, -0.011576, 0.0260278, -0.559717, -0.0796345, -0.0803815
10291.1, 3.07945, -0.0111638, 0.0244071, -0.808853, -0.0308561, -0.0806994
10311.3, 3.05946, -0.00909136, 0.0235938, -0.899385, 0.0338228, -0.0562435
10331.4, 3.04093, -0.0110294, 0.0263542, -0.912414, -0.0297849, 0.0382825
10351.6, 3.03643, -0.00578784, 0.0238556, -0.781463, 0.127239, -0.0433981
10371.7, 3.01415, -0.0087537, 0.0233365, -0.63461, -0.0375094, -0.0164785
10391.9, 3.0026, -0.00921267, 0.0251065, -0.606864, -0.0304244, 0.0346038
10412.1, 2.99275, -0.00933305, 0.026531, -0.553552, -0.0149824, 0.0540068
10432.4, 2.97517, -0.0434197, 0.0346953, -0.676724, -0.710345, 0.181625
10452.6, 2.96324, -0.0438631, 0.0345932, -0.643508, -0.37163, 0.0930986
10472.8, 2.94384, -0.0331407, 0.0304328, -0.802399, 0.0700655, -0.0534215
10493, 2.91454, -0.030322, 0.0310308, -1.12918, 0.102328, -0.00864281
10513.2, 2.89225, -0.01796, 0.0322868, -1.122, 0.353293, 0.0261205
10533.4, 2.87617, -0.0188271, 0.0302696, -1.25997, 0.228568, -0.0384664
10553.5, 2.84033, -0.0178678, 0.0368085, -1.20847, 0.104016, 0.134193
10573.6, 2.82816, -0.0174882, 0.037516, -1.21081, 0.0852901, 0.11621
10593.8, 2.8018, -0.0159321, 0.0389378, -1.003, 0.0626361, 0.0719643
10614.1, 2.77283, -0.0173148, 0.0394096, -1.23485, -0.00406265, 0.0443054
10634.2, 2.73569, -0.015939, 0.0381507, -1.55146, 0.0233173, -0.0126252
10654.5, 2.72177, -0.0129249, 0.0412006, -1.50635, 0.102148, 0.0774104
10674.6, 2.66965, -0.0174967, 0.0437243, -1.6528, -0.0868413, 0.096161
10694.8, 2.65221, -0.0134748, 0.0409408, -1.28591, 0.0426959, -0.0125114
10714.9, 2.62771, -0.0187575, 0.0404681, -1.24959, -0.0910047, -0.0139034
10735.1, 2.60762, -0.0140502, 0.0378456, -1.13048, 0.0678001, -0.0709425
10755.3, 2.58366, -0.0150642, 0.0401839, -1.15315, 0.00894271, 0.0147561
10775.5, 2.55634, -0.0266497, 0.0445484, -1.25674, -0.277275, 0.113762
10795.6, 2.5411, -0.0268261, 0.0437734, -1.01059, -0.147727, 0.0399371
10815.8, 2.52601, -0.0268345, 0.0435522, -0.887056, -0.073858, 0.0181124
10836, 2.51161, -0.0261592, 0.0398722, -0.803425, -0.0146239, -0.0947103
10856.2, 2.50123, -0.0293958, 0.0403766, -0.664929, -0.0862497, -0.0363552
10876.3, 2.49312, -0.027259, 0.0398187, -0.541829, -0.00221049, -0.0299827
10896.5, 2.48353, -0.0265684, 0.0408762, -0.514836, 0.019509, 0.00636476
10916.7, 2.47689, -0.0288172, 0.0425438, -0.55694, -0.0497675, 0.051831
10936.9, 2.46852, -0.0117914, 0.0403152, -0.422964, 0.263138, -0.0252387
10957, 2.46165, -0.0123011, 0.0402801, -0.497682, 0.174097, -0.0190788
10977.2, 2.44867, -0.00669265, 0.03492, -0.482178, 0.183079, -0.134103
10997.4, 2.43795, -0.00768322, 0.0379359, -0.502169, 0.0753758, 0.0135525
11017.6, 2.42802, -0.0065344, 0.0381847, -0.494985, 0.063308, 0.0168503
11037.8, 2.41575, -0.00417494, 0.0408243, -0.550714, 0.0881063, 0.0615022
11057.9, 2.40622, -0.00474906, 0.0414601, -0.478488, -0.029914, 0.0612609
11078.1, 2.40129, -0.00501658, 0.0416259, -0.482568, -0.0290176, 0.0485949
11098.2, 2.38984, -0.0041299, 0.0402424, -0.419663, 0.010426, -0.00644954
11118.4, 2.38008, -0.002537, 0.0414501, -0.453112, 0.0441067, 0.0260718
11138.6, 2.36163, 0.00363938, 0.0383549, -0.698107, 0.188484, -0.095929
11158.7, 2.35643, 0.000858696, 0.0443743, -0.485121, 0.0291194, 0.0971957
11179, 2.34855, 0.00330384, 0.0445198, -0.441883, 0.0651013, 0.0564654
11199, 2.34016, 0.00378007, 0.0444853, -0.429096, 0.0490557, 0.0259919
11219.1, 2.33017, 0.00559008, 0.0441661, -0.46352, 0.069222, 0.00557862
11239.3, 2.31825, 0.00954437, 0.0386399, -0.535617, 0.144097, -0.152539
11259.4, 2.30773, 0.007899, 0.0436128, -0.528124, 0.0284825, 0.0577476
11279.6, 2.29611, 0.00937705, 0.0451089, -0.570933, 0.0413067, 0.0539316
11299.7, 2.27309, 0.0126927, 0.0343234, -1.06159, 0.123587, -0.267091
11319.9, 2.24924, 0.01179, 0.0421658, -0.896361, 0.000768917, 0.130015
11340.1, 2.23543, 0.0288117, 0.0341887, -0.793094, 0.35954, -0.0946099
11360.4, 2.22669, 0.0287772, 0.0337947, -0.62497, 0.283414, -0.0567192
11380.5, 2.21696, 0.0121037, 0.0318885, -0.563877, -0.209334, -0.0796494
11400.8, 2.20184, 0.028921, 0.0317494, -0.657662, 0.301856, -0.0510667
11420.9, 2.19012, 0.0322305, 0.0318061, -0.624818, 0.242442, -0.0222736
11441.2, 2.18138, 0.0289125, 0.0310922, -0.533817, 0.0519056, -0.0260569
11461.4, 2.17157, 0.0267625, 0.0289839, -0.518049, -0.0402976, -0.0573636
11481.5, 2.16211, 0.0247661, 0.0289915, -0.493241, -0.0707676, -0.0298003
11501.7, 2.15285, 0.00895386, 0.0291634, -0.478599, -0.421031, -0.011116
11521.9, 2.13792, 0.0244463, 0.0281977, -0.49677, 0.261413, -0.0311472
11542.1, 2.12748, 0.0130264, 0.0301176, -0.506967, -0.154561, 0.0240392
11562.3, 2.12096, 0.0133089, 0.030476, -0.548014, -0.10274, 0.0273844
11582.4, 2.10107, 0.0242167, 0.0272603, -0.606849, 0.158861, -0.050097
11602.6, 2.0937, 0.0229072, 0.0278981, -0.491323, 0.0409512, -0.00981956
11622.8, 2.08263, 0.0211697, 0.0283367, -0.525141, -0.0159184, 0.00766688
11643, 2.07233, 0.0196919, 0.029409, -0.519195, -0.0420099, 0.0279001
11663.2, 2.06215, 0.00710097, 0.0303063, -0.512129, -0.388807, 0.0445779
11683.4, 2.04822, 0.00963861, 0.0292953, -0.601658, -0.137881, -0.00171059
11703.6, 2.04092, 0.0152047, 0.0304853, -0.47535, 0.0662125, 0.0344561
11723.8, 2.02564, 0.0111484, 0.0397056, -0.623722, -0.0582901, 0.185653
11744, 2.01711, 0.00999413, 0.0393377, -0.527909, -0.0580088, 0.0863666
11764.2, 2.00886, 0.00868704, 0.0390184, -0.475271, -0.0599945, 0.0369853
11784.4, 1.9997, 0.00794657, 0.0406942, -0.468233, -0.0492171, 0.0541279
11804.6, 1.99004, 0.00676977, 0.0427085, -0.475936, -0.0542419, 0.0764338
11824.8, 1.98123, 0.0150102, 0.0421875, -0.452546, 0.203225, 0.021792
11844.9, 1.97197, 0.0160767, 0.0414516, -0.461218, 0.127219, -0.00644779
11865.1, 1.97197, 0.0160767, 0.0414516, -0.461218, 0.127219, -0.00644779
11885.1, 1.95182, 0.00951616, 0.0405698, -0.492252, -0.0558546, -0.021277
11905.3, 1.94727, 0.0104603, 0.0406554, -0.481518, -0.013257, -0.01282
11925.5, 1.93331, 0.0110735, 0.0423219, -0.463897, -0.0142015, 0.124406
11945.7, 1.9236, 0.0115398, 0.0434944, -0.475186, 0.00801996, 0.0907305
11965.9, 1.9149, 0.0130969, 0.0419435, -0.45536, 0.0410807, 0.00596046
11986, 1.90523, 0.0142602, 0.0402583, -0.467597, 0.0471777, -0.0365781
12006.2, 1.89603, 0.0145644, 0.0405532, -0.461859, 0.0310799, -0.0124182
12026.4, 1.88607, 0.0178667, 0.0320554, -0.476686, 0.0828229, -0.239506
12046.5, 1.87785, 0.017566, 0.0398423, -0.440688, 0.0284519, 0.094035
12066.8, 1.86959, 0.0183686, 0.038393, -0.427252, 0.0341341, 0.0130176
12087, 1.86028, 0.019453, 0.0381541, -0.445793, 0.0439092, 0.000871417
12107.2, 1.85209, 0.0209272, 0.0377469, -0.428333, 0.0584101, -0.00945907
12127.4, 1.8428, 0.0222319, 0.0389362, -0.445364, 0.0649322, 0.0174031
12147.5, 1.83016, 0.0247534, 0.0345498, -0.519289, 0.0959689, -0.0863059
12167.8, 1.83016, 0.0247534, 0.0345498, -0.519289, 0.0959689, -0.0863059
12187.9, 1.8158, 0.0265364, 0.0338021, -0.401374, 0.058122, -0.0365156
12208.1, 1.80654, 0.0295001, 0.0298702, -0.428429, 0.0920863, -0.105838
12228.2, 1.79635, 0.0332341, 0.0268972, -0.472301, 0.142701, -0.127424
12248.4, 1.79195, 0.0319534, 0.0266258, -0.463066, 0.0659433, -0.0989958
12268.6, 1.77261, 0.0301809, 0.0243128, -0.547165, 0.0281212, -0.133617
12288.8, 1.76374, 0.0285549, 0.0224923, -0.491701, -0.00121555, -0.147611
12309, 1.75144, 0.0268832, 0.0281885, -0.552453, -0.0568219, 0.0723445
12329.2, 1.74212, 0.0283905, 0.0240736, -0.509157, 0.0177333, -0.0801218
12349.4, 1.73215, 0.0292874, 0.023328, -0.501926, 0.0319963, -0.0590732
12369.6, 1.7222, 0.0297197, 0.0239238, -0.502136, 0.032115, -0.0198763
12389.8, 1.71136, 0.0276208, 0.0284117, -0.523882, -0.0468447, 0.112724
12410, 1.70132, 0.0284267, 0.0257176, -0.520461, -0.0106082, 0.0150794
12430.1, 1.69138, 0.0277842, 0.0252031, -0.51116, -0.0203495, -0.00761458
12450.4, 1.68056, 0.0285535, 0.0255535, -0.52563, 0.00826636, 0.00461455
12470.6, 1.67035, 0.0283708, 0.0256928, -0.518148, -0.000198665, 0.00575798
12490.7, 1.66003, 0.028579, 0.027163, -0.514665, 0.00216264, 0.0335781
12511, 1.65041, 0.0299875, 0.0252591, -0.501589, 0.037745, -0.0271776
12531.2, 1.64035, 0.0279875, 0.0253899, -0.499033, -0.0335019, -0.0138618
12551.3, 1.62812, 0.0234039, 0.0322744, -0.559873, -0.159514, 0.180336
12571.5, 1.62465, 0.0283985, 0.0277925, -0.499408, 0.027283, 0.0021678
12591.7, 1.60798, 0.0260784, 0.0306927, -0.529617, -0.0188634, 0.0476418
12611.8, 1.59163, 0.0292246, 0.0303535, -0.53236, 0.0604554, 0.0114308
12632, 1.58183, 0.0293872, 0.0295, -0.511789, 0.0349936, -0.0148979
12652.1, 1.57134, 0.0294935, 0.0296294, -0.517951, 0.0205537, -0.00449988
12672.3, 1.56637, 0.0288278, 0.0284794, -0.512027, -0.00414368, -0.0358231
12692.5, 1.55242, 0.0294969, 0.0259, -0.500889, 0.0195753, -0.0667607
12712.6, 1.54269, 0.0292941, 0.0243701, -0.49374, 0.00535032, -0.0618588
12732.8, 1.53026, 0.0299187, 0.0259617, -0.562633, 0.0212877, 0.00705572
12752.9, 1.52144, 0.0295879, 0.0218165, -0.495301, 0.00221431, -0.100199
12773.1, 1.51057, 0.0302076, 0.0244185, -0.518939, 0.0144964, 0.00443813
12793.3, 1.5005, 0.0299697, 0.0247327, -0.514195, -0.00242883, 0.00514502
12813.4, 1.49196, 0.0296546, 0.0200851, -0.471646, -0.00891399, -0.110432
12833.6, 1.487, 0.02685, 0.0199877, -0.478495, -0.0858898, -0.0818886
12853.7, 1.46954, 0.0292065, 0.0234364, -0.537005, 0.00758864, 0.0287056
12873.9, 1.45896, 0.0266735, 0.0150472, -0.538145, -0.0740844, -0.217904
12894, 1.44942, 0.0265573, 0.0153734, -0.509392, -0.0376805, -0.102537
12914.2, 1.44001, 0.0269672, 0.0165324, -0.490568, -0.00937379, -0.024447
12934.4, 1.43031, 0.0257302, 0.0157221, -0.487145, -0.0353146, -0.027831
12954.5, 1.42043, 0.0257508, 0.0170399, -0.489024, -0.0152577, 0.0214957
12974.7, 1.41035, 0.0255687, 0.0170112, -0.500893, -0.0143082, 0.00545174
12994.8, 1.40054, 0.0255585, 0.0149815, -0.494242, -0.0111497, -0.0464718
13015, 1.39077, 0.0254955, 0.0158281, -0.491429, -0.00653702, -0.00174024
13035.2, 1.38182, 0.0288123, 0.0210491, -0.46517, 0.0881983, 0.144084
13055.3, 1.37254, 0.0277393, 0.0135924, -0.466427, 0.0244874, -0.0724413
13075.6, 1.35883, 0.0278392, 0.0144674, -0.58095, 0.0163978, -0.0136423
13095.8, 1.35042, 0.0282775, 0.0137226, -0.654879, 0.0241737, -0.0308859
13116, 1.31885, 0.0336063, 0.0149561, -0.914626, 0.106474, 0.00826814
13136.1, 1.29328, 0.0345437, 0.0126193, -1.09629, 0.0611395, -0.0486386
13156.3, 1.2719, 0.0337428, 0.0120171, -1.08261, 0.0158167, -0.0486418
13176.5, 1.25467, 0.0330037, 0.0114286, -0.990498, 0.016367, 0.0108737
13196.7, 1.2479, 0.0340862, 0.0132455, -0.661009, 0.0690251, 0.0813725
13216.9, 1.24465, 0.0334595, 0.0135788, -0.565726, 0.031692, 0.0677537
13237.2, 1.22413, 0.0231334, 0.00758376, -0.677643, -0.271337, -0.128174
13257.4, 1.21321, 0.0092895, -0.00225781, -0.613684, -0.47612, -0.305244
13277.6, 1.20554, 0.0126136, -0.00277008, -0.481836, -0.164864, -0.152475
13297.8, 1.19444, 0.0123512, -0.00100805, -0.511507, -0.0797561, -0.0365858
13318, 1.1851, 0.0141336, -0.000549353, -0.491316, 0.00565129, -0.010632
13338.3, 1.17407, 0.0130891, 9.839e-05, -0.526875, -0.0298793, 0.00330724
13358.4, 1.16273, 0.0140624, 0.000376054, -0.538691, 0.00188249, 0.00364763
13378.6, 1.1539, 0.0132093, -0.00306396, -0.495824, -0.0305335, -0.102193
13398.8, 1.1444, 0.0123606, -0.00074321, -0.483107, -0.0346681, 0.0211556
13419.1, 1.13568, 0.0147319, -0.00581433, -0.460165, 0.0398937, -0.112514
13439.3, 1.12702, 0.0144038, -0.00669635, -0.449939, 0.00914504, -0.0772889
13459.5, 1.11536, 0.0164212, -0.00723085, -0.526641, 0.0733637, -0.0272452
13479.8, 1.11202, 0.0151987, -0.00520697, -0.472196, 0.0179144, 0.0378486
13500, 1.10031, 0.010866, -0.010108, -0.411301, -0.106968, -0.104322
13520.2, 1.09129, 0.00970715, -0.0119232, -0.430704, -0.08596, -0.101075
13540.3, 1.08334, 0.00879601, -0.0137846, -0.414717, -0.065492, -0.0948094
13560.4, 1.07042, 0.00945959, -0.00674035, -0.539294, -0.0148372, 0.155503
13580.6, 1.06431, 0.00710163, -0.0146637, -0.438874, -0.06093, -0.0824661
13600.8, 1.05952, 0.00670904, -0.0153641, -0.450228, -0.054787, -0.0789443
13621, 1.04063, 0.00658718, -0.00655855, -0.598926, -0.00949297, 0.231397
13641, 1.03088, 0.00586302, -0.00705402, -0.544714, -0.0224922, 0.106749
13661.2, 1.02094, 0.00770144, -0.00489823, -0.526913, 0.04585, 0.119106
13681.3, 1.0104, 0.00554351, -0.00437363, -0.52312, -0.0189342, 0.0732743
13701.5, 0.996378, 0.00527205, -0.00469196, -0.489701, -0.011795, 0.0306337
13721.7, 0.989369, 0.005828, -0.0050474, -0.436905, 0.00211216, 0.00215589
13741.8, 0.976558, 0.0185438, 0.00424497, -0.536006, 0.310448, 0.227182
13761.9, 0.970402, 0.0192106, 0.0040855, -0.426289, 0.180887, 0.112539
13782.1, 0.961625, 0.0250191, 0.00600966, -0.554235, 0.294263, 0.135182
13802.2, 0.943813, 0.0286261, 0.0058064, -0.601111, 0.183711, 0.0398607
13822.4, 0.934828, 0.0300094, 0.0059526, -0.529611, 0.126075, 0.0166848
13842.6, 0.92482, 0.0288383, 0.00504508, -0.511892, 0.0401389, -0.0079932
13862.7, 0.913942, 0.028556, 0.00230276, -0.527462, 0.0137407, -0.0708222
13882.9, 0.910596, 0.0275238, 0.0037207, -0.472771, -0.0194148, -0.0105523
13903, 0.894407, 0.0264175, 0.00399053, -0.509669, -0.0366069, -0.000168433
13923.2, 0.884287, 0.0261402, 0.00461959, -0.510838, -0.0244935, 0.0103505
13943.4, 0.873356, 0.0267384, 0.00450528, -0.528963, 0.00615571, 0.00585137
13963.6, 0.863094, 0.0274142, 0.0033392, -0.521036, 0.0119395, -0.0416794
13983.8, 0.856313, 0.0232993, -0.00108841, -0.432488, -0.0939813, -0.129119
14004, 0.851563, 0.0247839, -0.000202569, -0.444545, -0.0252577, -0.0674069
14024.3, 0.837849, 0.0270986, -0.000160876, -0.448855, 0.0306665, -0.0294252
14044.4, 0.831317, 0.0295606, -0.00106196, -0.506791, 0.0917658, -0.0466271
14064.6, 0.81632, 0.0320489, 0.00455509, -0.491563, 0.071984, 0.109311
14084.7, 0.804972, 0.0340539, 0.00215553, -0.52846, 0.085739, -0.00225715
14104.9, 0.799391, 0.0356189, -0.0090846, -0.413401, 0.130081, -0.302296
14125.1, 0.790762, 0.0451499, -0.00344242, -0.432768, 0.335524, 0.00267225
14145.2, 0.781693, 0.0458746, -0.00137397, -0.450599, 0.187725, 0.0468534
14165.4, 0.775601, 0.0477557, -0.00272354, -0.495545, 0.187834, -0.00468404
14185.6, 0.739255, 0.0319662, 0.00626623, -0.90083, -0.215474, 0.152958
14205.8, 0.725424, 0.0323512, 0.00360555, -0.799012, -0.101262, 0.0137992
14226.1, 0.711211, 0.0292911, 0.00473876, -0.756004, -0.126437, 0.0346547
14246.3, 0.711211, 0.0292911, 0.00473876, -0.756004, -0.126437, 0.0346547
14266.5, 0.678516, 0.0306386, 0.000669274, -0.794015, 6.06126e-05, -0.0861658
14286.7, 0.656268, 0.0285197, 0.000141799, -0.957743, -0.0438863, -0.0591242
14306.9, 0.625733, 0.0297682, -0.00195335, -1.22898, -0.0126092, -0.0909623
14327.2, 0.592596, 0.0361464, -0.00427555, -1.44277, 0.164605, -0.111422
14347.4, 0.575475, 0.0240545, -0.0121125, -1.15308, -0.160491, -0.214156
14367.6, 0.557991, 0.0229532, -0.0115914, -1.01737, -0.109194, -0.0972733
14387.8, 0.531691, 0.0340201, -0.00575046, -1.13397, 0.139342, 0.0693971
14408, 0.50784, 0.0352798, -0.00641113, -1.16395, 0.115667, 0.0189148
14428.1, 0.495321, 0.0360042, -0.00657318, -1.18888, 0.103413, 0.00895946
14448.3, 0.457516, 0.0363222, -0.00703863, -1.28319, 0.192561, 0.0656172
14468.5, 0.43653, 0.0362524, -0.00772329, -1.16237, 0.107538, 0.0147228
14488.6, 0.425529, 0.022049, -0.0102268, -0.888393, -0.23131, -0.010068
14508.8, 0.402481, 0.0379737, -0.00449563, -0.997198, 0.215273, 0.111131
14528.9, 0.381889, 0.0378484, -0.00821017, -1.02546, 0.109894, -0.0201344
14549.1, 0.384079, 0.0245472, -0.0193153, -0.672683, -0.298307, -0.329223
14569.3, 0.328006, 0.036655, -0.00843286, -1.39997, 0.0527104, 0.0308817
14589.5, 0.304273, 0.0364276, -0.00652461, -1.29164, 0.020932, 0.0509964
14609.7, 0.292442, 0.0370448, -0.0067399, -0.972851, 0.13093, 0.053422
14629.9, 0.283476, 0.0386365, -0.0054567, -0.717596, 0.105947, 0.0586471
14650.1, 0.272974, 0.0382304, -0.00584072, -0.628576, 0.0444531, 0.0159387
14670.4, 0.261133, 0.0379521, -0.00616398, -0.655237, 0.124239, 0.0238421
14690.6, 0.24608, 0.0381154, -0.00635754, -0.705496, 0.0663741, 0.00539645
14710.8, 0.232065, 0.0367876, -0.00736301, -0.742307, 0.119733, 0.00561684
14731, 0.22101, 0.0370155, -0.00811295, -0.644246, 0.0652656, -0.0134342
14751.2, 0.212795, 0.0372921, -0.00951024, -0.530643, 0.0402377, -0.0408923
14771.4, 0.20683, 0.0367004, -0.0108169, -0.549295, 0.0120578, -0.066339
14791.6, 0.184816, 0.0352088, -0.0121173, -0.668376, -0.0286436, -0.0498994
14811.7, 0.179064, 0.0344382, -0.0122619, -0.641976, -0.0423691, -0.0398517
14831.9, 0.153462, 0.0313037, -0.0138715, -0.744324, -0.0686317, -0.0318852
14852.1, 0.140683, 0.0292672, -0.0152826, -0.559058, 0.00486786, -0.00598897
14872.2, 0.128777, 0.0293134, -0.0160484, -0.57443, 0.00193455, -0.0191665
14892.3, 0.117341, 0.0282888, -0.0179684, -0.581101, -0.0225208, -0.0663579
14912.5, 0.108552, 0.00479743, -0.0237672, -0.549345, -0.49142, -0.159919
14932.7, 0.083855, 0.0195954, -0.0216087, -0.882897, 0.107718, -0.029589
14952.9, 0.0856513, 0.00305276, -0.0250099, -0.362713, -0.454006, -0.110208
14973, 0.0653968, 0.0218657, -0.0207619, -0.619931, 0.121543, 0.0642867
14993.3, 0.05722, 0.024212, -0.0202188, -0.675988, 0.1536, 0.061461
15013.5, 0.0343717, 0.025968, -0.0232607, -0.83353, 0.24241, -0.00513128
15033.6, 0.0189221, 0.026401, -0.0242725, -0.813409, 0.112918, -0.0451067
15053.8, 0.00197496, 0.0247233, -0.0244676, -0.82801, -0.00248409, -0.044134
15074.1, -0.00864868, 0.0236148, -0.0249012, -0.677786, -0.0312449, -0.0312919
15094.2, -0.0173176, 0.0232756, -0.0237436, -0.636204, 0.096322, 0.0298922
15114.5, -0.022844, 0.0241861, -0.0235064, -0.612514, 0.0948286, 0.0281434
15134.6, -0.0407333, 0.0247498, -0.0227008, -0.599995, 0.0439247, 0.031168
15154.8, -0.0407333, 0.0247498, -0.0227008, -0.599995, 0.0439247, 0.031168
15174.9, -0.0608572, 0.0222203, -0.0239529, -0.532092, -0.0368487, -0.0164119
15195, -0.0710537, 0.0262178, -0.0194359, -0.515133, 0.101066, 0.114172
15215.2, -0.0729693, 0.0105589, -0.0201682, -0.352277, -0.271921, 0.0471393
15235.4, -0.0833817, 0.0111712, -0.0195315, -0.428087, -0.126641, 0.0368099
15255.6, -0.0943577, 0.0116334, -0.0193839, -0.483902, -0.0590622, 0.0223397
15275.9, -0.113653, 0.0259377, -0.0189105, -0.683403, 0.253715, 0.0203674
15296, -0.125759, 0.0238374, -0.0187645, -0.644768, 0.0885026, 0.016512
15316.2, -0.137736, 0.0240912, -0.0170624, -0.622439, 0.0516137, 0.049888
15336.3, -0.143071, 0.0243405, -0.0169608, -0.597221, 0.044051, 0.0386255
15356.6, -0.155933, 0.0287972, -0.0135253, -0.519928, 0.315537, 0.0755253
15376.7, -0.15821, 0.0097765, -0.0144345, -0.43709, -0.313086, 0.0283429
15397, -0.175345, 0.00948578, -0.0145227, -0.509374, -0.13428, 0.00465462
15417.3, -0.185036, 0.00994976, -0.0147646, -0.518242, -0.0280026, -0.0018416
15437.4, -0.197129, 0.00905348, -0.0152657, -0.553145, -0.0445111, -0.0172772
15457.5, -0.2161, 0.0224431, -0.0187097, -0.745532, 0.302905, -0.0926596
15477.6, -0.225531, 0.022855, -0.0192742, -0.604982, 0.164482, -0.0652596
15497.9, -0.223262, 0.00736261, -0.0163177, -0.369182, -0.321305, 0.0370473
15518.1, -0.238864, 0.00410518, -0.0164837, -0.466146, -0.181131, 0.00747274
15538.2, -0.253584, -0.00404029, -0.0195891, -0.597446, -0.291168, -0.0717161
15558.4, -0.263469, 0.0191906, -0.0240825, -0.55656, 0.517863, -0.162482
15578.6, -0.282204, 0.0319529, -0.0278661, -0.741553, 0.576376, -0.175474
15598.8, -0.291565, 0.0284502, -0.0317571, -0.796713, 0.3137, -0.236028
15619, -0.309534, 0.0277523, -0.0316446, -0.65954, 0.0961718, -0.0750087
15639.2, -0.315254, 0.0277852, -0.0312704, -0.634713, 0.069841, -0.0431382
15659.4, -0.322263, 0.00997218, -0.0253408, -0.420952, -0.247192, 0.0881035
15679.6, -0.352334, 0.0556285, -0.0407094, -1.02805, 1.16038, -0.392293
15699.9, -0.34882, 0.00961737, -0.0271912, -0.44231, -0.52365, 0.127478
15720.1, -0.364283, 0.0262453, -0.0315752, -0.755263, 0.0961379, -0.0329332
15740.2, -0.380387, -0.00605216, -0.0232975, -0.608443, -0.543559, 0.13473
15760.3, -0.390975, 0.0230301, -0.0331262, -0.584815, 0.532774, -0.204334
15780.4, -0.393655, 0.00585649, -0.028197, -0.373612, 0.0140994, -0.0316486
15800.6, -0.4015, 0.00166809, -0.0256523, -0.378339, -0.111978, 0.0555851
15820.7, -0.41887, -0.00855261, -0.0215988, -0.629342, -0.348611, 0.147873
15840.9, -0.428577, -0.0202507, -0.0220302, -0.559257, -0.463588, 0.0654239
15861, -0.455357, 0.000367614, -0.0267434, -0.955788, 0.323187, -0.0983051
15881.1, -0.464158, -0.0122151, -0.021249, -0.934321, -0.125106, 0.0853086
15901.3, -0.474997, -0.0224704, -0.0182074, -0.491023, -0.351023, 0.115758
15921.4, -0.498011, 0.0147277, -0.0240465, -0.74161, 0.924348, -0.139766
15941.5, -0.512733, -0.0168823, -0.024142, -0.948695, -0.233718, -0.102854
15961.7, -0.541469, 0.0238346, -0.0321075, -0.979117, 0.65605, -0.173367
15981.9, -0.564514, 0.0237847, -0.0321904, -1.05071, 0.332327, -0.115144
16002.1, -0.580724, 0.0212598, -0.0347651, -0.994849, 0.253149, -0.223382
16022.3, -0.59507, 0.0224058, -0.0330203, -0.848838, 0.160909, -0.0779273
16042.4, -0.601347, 0.0240696, -0.035097, -0.582268, 0.125122, -0.0977481
16062.6, -0.60758, 0.0228091, -0.0324153, -0.593911, 0.0539227, 0.00597899
16082.8, -0.626661, 0.0189441, -0.0307872, -0.613317, -0.0630917, 0.0311738
16103, -0.636933, 0.0175812, -0.0313248, -0.562325, -0.0641935, 0.00335778
16123.1, -0.642194, 0.0176038, -0.0365523, -0.401863, -0.0340069, -0.145586
16143.2, -0.656087, 0.0178937, -0.032482, -0.544316, -0.0104063, 0.0242807
16163.5, -0.667477, 0.0227918, -0.0382492, -0.712896, 0.131389, -0.146084
16183.7, -0.682627, 0.0217531, -0.0387393, -0.58159, 0.0191998, -0.0681606
16203.9, -0.685101, 0.0195401, -0.0379978, -0.486864, -0.0489735, -0.0278206
16224.1, -0.696756, 0.0167569, -0.0371051, -0.424391, 0.048802, -0.0531173
16244.3, -0.706382, 0.00911977, -0.0353869, -0.452888, -0.152311, 0.017394
16264.5, -0.715232, 0.0082299, -0.0355144, -0.447832, -0.099849, 0.00582856
16284.6, -0.720782, 0.0107466, -0.0377362, -0.478224, -0.000204467, -0.0588045
16304.8, -0.736501, 0.00582007, -0.0342649, -0.50618, -0.104802, 0.0494505
16325, -0.740816, 0.00716477, -0.0333567, -0.485028, -0.0369755, 0.0611765
16345.1, -0.758914, 0.00549778, -0.0331517, -0.551043, -0.0909175, 0.102322
16365.4, -0.768989, 0.00570345, -0.0339509, -0.52841, -0.0377845, 0.0278439
16385.6, -0.782374, 0.00341646, -0.0331658, -0.586818, -0.0744903, 0.0311097
16405.6, -0.791131, 0.00284661, -0.0339619, -0.514351, -0.0521086, -0.00339704
16425.7, -0.80313, 0.00191246, -0.034943, -0.556002, -0.0494803, -0.025613
16446, -0.81572, 0.00166069, -0.0347241, -0.595428, -0.0304567, -0.00733913
16466.2, -0.819898, 0.00187515, -0.0336747, -0.545085, -0.0157439, 0.0244883
16486.3, -0.835499, 0.00349716, -0.0362773, -0.529253, 0.028385, -0.0458291
16506.5, -0.844271, 0.00313706, -0.0362501, -0.487972, 0.00638669, -0.0209944
16526.7, -0.854142, 0.00237687, -0.0351163, -0.490687, -0.0152157, 0.016806
16546.9, -0.863919, 0.000488816, -0.034559, -0.48856, -0.0527216, 0.0189253
16567.1, -0.872501, -0.00061119, -0.0341263, -0.458955, -0.0553425, 0.0180705
16587.4, -0.87693, -0.00112992, -0.0334093, -0.45438, -0.0543589, 0.0332734
16607.6, -0.892205, -0.00354828, -0.0317915, -0.492344, -0.0672748, 0.0409372
16627.8, -0.900944, -0.0049714, -0.0313451, -0.467071, -0.0673055, 0.03134
16647.9, -0.910778, -0.00536708, -0.0317092, -0.480413, -0.0444076, 0.00468306
